"nest","sex","bout_start","bout_length","lat","lon"
"S101","f","2011-06-17 09:55:10",896.083,71.3298,-156.642
"S101","f","2011-06-18 12:25:20",858,71.3298,-156.642
"S101","f","2011-06-19 14:37:20",833.333,71.3298,-156.642
"S101","f","2011-06-20 16:36:40",793.75,71.3298,-156.642
"S101","f","2011-06-21 21:02:30",799.333,71.3298,-156.642
"S101","f","2011-06-22 22:58:15",746.917,71.3298,-156.642
"S101","m","2011-06-16 23:16:00",639,71.3298,-156.642
"S101","m","2011-06-18 00:51:30",693.833,71.3298,-156.642
"S101","m","2011-06-19 02:43:30",712.417,71.3298,-156.642
"S101","m","2011-06-20 04:30:40",725.917,71.3298,-156.642
"S101","m","2011-06-21 05:50:35",911.417,71.3298,-156.642
"S101","m","2011-06-22 10:22:50",755.417,71.3298,-156.642
"S101","m","2011-06-23 11:25:25",712.833,71.3298,-156.642
"S204","f","2011-06-08 23:57:20",142.917,71.3183,-156.651
"S204","f","2011-06-09 04:54:30",519.083,71.3183,-156.651
"S204","f","2011-06-10 00:40:35",556.917,71.3183,-156.651
"S204","f","2011-06-10 19:26:30",499.333,71.3183,-156.651
"S204","f","2011-06-11 12:05:20",690.583,71.3183,-156.651
"S204","f","2011-06-12 14:36:40",612.167,71.3183,-156.651
"S204","f","2011-06-13 10:27:15",660.583,71.3183,-156.651
"S204","f","2011-06-14 06:33:35",493.833,71.3183,-156.651
"S204","f","2011-06-14 23:45:30",574.5,71.3183,-156.651
"S204","f","2011-06-15 19:43:10",688.25,71.3183,-156.651
"S204","m","2011-06-08 15:31:10",505.917,71.3183,-156.651
"S204","m","2011-06-09 02:20:30",153.917,71.3183,-156.651
"S204","m","2011-06-09 13:33:55",665.833,71.3183,-156.651
"S204","m","2011-06-10 09:57:35",563.583,71.3183,-156.651
"S204","m","2011-06-11 03:46:00",499.333,71.3183,-156.651
"S204","m","2011-06-11 23:36:15",899.833,71.3183,-156.651
"S204","m","2011-06-13 00:49:15",577.583,71.3183,-156.651
"S204","m","2011-06-13 21:28:15",545.083,71.3183,-156.651
"S204","m","2011-06-14 14:47:30",536.917,71.3183,-156.651
"S204","m","2011-06-15 09:20:20",622.5,71.3183,-156.651
"S205","m","2011-06-08 00:29:50",825.083,71.3221,-156.663
"S205","m","2011-06-08 21:45:30",338.833,71.3221,-156.663
"S205","m","2011-06-09 11:08:20",513.75,71.3221,-156.663
"S205","m","2011-06-10 04:19:20",411.417,71.3221,-156.663
"S205","m","2011-06-10 18:47:30",425.833,71.3221,-156.663
"S205","m","2011-06-11 11:29:00",557.083,71.3221,-156.663
"S205","m","2011-06-12 06:57:50",547.167,71.3221,-156.663
"S205","m","2011-06-13 04:08:30",532.167,71.3221,-156.663
"S205","m","2011-06-13 19:59:50",390.083,71.3221,-156.663
"S205","m","2011-06-14 10:15:30",569.667,71.3221,-156.663
"S205","m","2011-06-15 07:15:35",660.167,71.3221,-156.663
"S205","m","2011-06-16 06:16:10",409.583,71.3221,-156.663
"S205","m","2011-06-16 15:17:35",393.417,71.3221,-156.663
"S205","m","2011-06-17 08:46:05",389.75,71.3221,-156.663
"S205","m","2011-06-18 02:00:25",395.25,71.3221,-156.663
"S205","m","2011-06-18 12:41:00",593.333,71.3221,-156.663
"S205","m","2011-06-19 10:03:25",642.5,71.3221,-156.663
"S205","m","2011-06-20 08:03:55",718.167,71.3221,-156.663
"S205","m","2011-06-21 09:00:15",686.167,71.3221,-156.663
"S205","m","2011-06-22 09:46:30",895,71.3221,-156.663
"S205","m","2011-06-23 15:56:05",650.167,71.3221,-156.663
"S205","f","2011-06-08 14:14:55",450.333,71.3221,-156.663
"S205","f","2011-06-09 03:24:25",463.917,71.3221,-156.663
"S205","f","2011-06-09 19:42:20",516.833,71.3221,-156.663
"S205","f","2011-06-10 11:13:35",453.833,71.3221,-156.663
"S205","f","2011-06-11 01:53:20",575.667,71.3221,-156.663
"S205","f","2011-06-11 20:46:05",611.583,71.3221,-156.663
"S205","f","2011-06-12 16:05:00",723.417,71.3221,-156.663
"S205","f","2011-06-13 13:00:40",419.167,71.3221,-156.663
"S205","f","2011-06-14 02:29:55",463.75,71.3221,-156.663
"S205","f","2011-06-14 19:45:10",690.417,71.3221,-156.663
"S205","f","2011-06-15 18:15:45",720.333,71.3221,-156.663
"S205","f","2011-06-16 13:05:45",131.833,71.3221,-156.663
"S205","f","2011-06-16 21:51:00",655.083,71.3221,-156.663
"S205","f","2011-06-17 15:17:15",643.083,71.3221,-156.663
"S205","f","2011-06-18 08:35:40",245.333,71.3221,-156.663
"S205","f","2011-06-18 22:34:20",689.083,71.3221,-156.663
"S205","f","2011-06-19 20:45:55",677.917,71.3221,-156.663
"S205","f","2011-06-20 20:03:25",776.833,71.3221,-156.663
"S205","f","2011-06-21 20:26:30",800,71.3221,-156.663
"S205","f","2011-06-23 00:41:40",891.417,71.3221,-156.663
"S205","f","2011-06-24 02:46:15",617.25,71.3221,-156.663
"S209","m","2011-06-26 07:10:45",633.75,71.3237,-156.664
"S209","m","2011-06-27 05:28:55",719.083,71.3237,-156.664
"S209","m","2011-06-28 05:38:15",764.167,71.3237,-156.664
"S209","m","2011-06-29 07:39:50",722.167,71.3237,-156.664
"S209","m","2011-06-30 07:44:30",725.5,71.3237,-156.664
"S209","m","2011-07-01 07:53:00",717.417,71.3237,-156.664
"S209","m","2011-07-02 06:46:10",692.25,71.3237,-156.664
"S209","m","2011-07-03 06:51:30",713.833,71.3237,-156.664
"S209","m","2011-07-04 06:14:20",672.75,71.3237,-156.664
"S209","m","2011-07-05 07:18:25",823.583,71.3237,-156.664
"S209","m","2011-07-06 08:42:10",780,71.3237,-156.664
"S209","m","2011-07-07 09:36:00",659.167,71.3237,-156.664
"S209","m","2011-07-08 10:56:00",664,71.3237,-156.664
"S209","m","2011-07-09 10:47:30",457.083,71.3237,-156.664
"S209","f","2011-07-07 20:36:00",859.5,71.3237,-156.664
"S209","f","2011-07-08 22:00:20",634,71.3237,-156.664
"S209","f","2011-06-26 17:46:00",702,71.3237,-156.664
"S209","f","2011-06-27 17:30:00",728,71.3237,-156.664
"S209","f","2011-06-28 18:24:00",795.833,71.3237,-156.664
"S209","f","2011-06-29 19:46:00",718,71.3237,-156.664
"S209","f","2011-06-30 19:52:00",720,71.3237,-156.664
"S209","f","2011-07-01 19:52:00",654,71.3237,-156.664
"S209","f","2011-07-02 18:20:00",750,71.3237,-156.664
"S209","f","2011-07-03 18:46:00",688,71.3237,-156.664
"S209","f","2011-07-04 17:28:00",830.417,71.3237,-156.664
"S209","f","2011-07-05 21:04:00",698,71.3237,-156.664
"S209","f","2011-07-06 21:44:00",708,71.3237,-156.664
"S302","m","2011-06-09 12:42:10",468.917,71.3279,-156.64
"S302","m","2011-06-10 11:08:10",482.917,71.3279,-156.64
"S302","m","2011-06-11 09:16:45",646,71.3279,-156.64
"S302","m","2011-06-12 12:23:20",808.083,71.3279,-156.64
"S302","m","2011-06-13 12:53:55",661.917,71.3279,-156.64
"S302","m","2011-06-14 10:01:35",611.917,71.3279,-156.64
"S302","m","2011-06-15 08:46:30",702.417,71.3279,-156.64
"S302","m","2011-06-16 07:39:20",596.083,71.3279,-156.64
"S302","m","2011-06-17 07:15:20",752.5,71.3279,-156.64
"S302","m","2011-06-18 07:49:00",654.333,71.3279,-156.64
"S302","m","2011-06-19 07:59:20",717.667,71.3279,-156.64
"S302","m","2011-06-20 08:59:50",749.167,71.3279,-156.64
"S302","m","2011-06-21 11:05:10",767,71.3279,-156.64
"S302","m","2011-06-22 12:40:05",736.75,71.3279,-156.64
"S302","m","2011-06-23 14:49:20",742.417,71.3279,-156.64
"S302","f","2011-06-11 20:04:15",964.833,71.3279,-156.64
"S302","f","2011-06-13 01:51:45",662.083,71.3279,-156.64
"S302","f","2011-06-13 23:56:00",605.5,71.3279,-156.64
"S302","f","2011-06-14 20:13:35",752.75,71.3279,-156.64
"S302","f","2011-06-15 20:29:05",670.083,71.3279,-156.64
"S302","f","2011-06-16 17:35:40",819.667,71.3279,-156.64
"S302","f","2011-06-17 19:48:25",720.583,71.3279,-156.64
"S302","f","2011-06-18 18:43:45",795.583,71.3279,-156.64
"S302","f","2011-06-19 19:57:05",782.75,71.3279,-156.64
"S302","f","2011-06-20 21:29:00",816.167,71.3279,-156.64
"S302","f","2011-06-21 23:52:20",767.583,71.3279,-156.64
"S302","f","2011-06-23 00:57:30",831.667,71.3279,-156.64
"S302","f","2011-06-09 00:53:55",707.167,71.3279,-156.64
"S302","f","2011-06-09 23:55:15",671.75,71.3279,-156.64
"S302","f","2011-06-10 23:15:15",600.083,71.3279,-156.64
"S303","f","2011-06-13 02:09:45",362.167,71.325,-156.669
"S303","f","2011-06-13 16:48:15",629.583,71.325,-156.669
"S303","f","2011-06-14 14:53:05",609.167,71.325,-156.669
"S303","f","2011-06-15 11:50:05",658.917,71.325,-156.669
"S303","f","2011-06-16 09:40:10",696.75,71.325,-156.669
"S303","f","2011-06-17 09:42:15",629,71.325,-156.669
"S303","f","2011-06-18 08:00:10",838.25,71.325,-156.669
"S303","f","2011-06-19 12:05:15",868.583,71.325,-156.669
"S303","f","2011-06-20 17:59:00",786.833,71.325,-156.669
"S303","f","2011-06-21 21:30:35",788.917,71.325,-156.669
"S303","f","2011-06-23 00:07:50",761.25,71.325,-156.669
"S303","f","2011-06-24 00:52:35",635.333,71.325,-156.669
"S303","f","2011-06-25 00:52:05",620.917,71.325,-156.669
"S303","f","2011-06-25 23:56:05",812.417,71.325,-156.669
"S303","f","2011-06-27 01:36:50",903.917,71.325,-156.669
"S303","m","2011-06-13 08:12:20",507.083,71.325,-156.669
"S303","m","2011-06-14 03:20:50",686.5,71.325,-156.669
"S303","m","2011-06-15 01:02:35",645.083,71.325,-156.669
"S303","m","2011-06-15 22:49:15",650.5,71.325,-156.669
"S303","m","2011-06-16 21:17:05",744.5,71.325,-156.669
"S303","m","2011-06-17 20:11:15",708.167,71.325,-156.669
"S303","m","2011-06-18 21:58:25",846.75,71.325,-156.669
"S303","m","2011-06-20 02:34:00",924.5,71.325,-156.669
"S303","m","2011-06-21 07:06:20",863.833,71.325,-156.669
"S303","m","2011-06-22 10:39:40",807.583,71.325,-156.669
"S303","m","2011-06-23 14:20:05",632.25,71.325,-156.669
"S303","m","2011-06-24 11:27:55",803.333,71.325,-156.669
"S303","m","2011-06-25 11:13:15",762.417,71.325,-156.669
"S303","m","2011-06-26 13:28:40",727.583,71.325,-156.669
"S304","m","2011-06-15 10:28:55",544.583,71.3264,-156.671
"S304","m","2011-06-16 08:42:05",559.167,71.3264,-156.671
"S304","m","2011-06-17 06:29:30",595.333,71.3264,-156.671
"S304","m","2011-06-18 05:35:50",534.417,71.3264,-156.671
"S304","m","2011-06-19 05:01:50",707,71.3264,-156.671
"S304","m","2011-06-20 06:52:15",763.667,71.3264,-156.671
"S304","m","2011-06-21 07:44:30",766.5,71.3264,-156.671
"S304","m","2011-06-22 10:32:50",707,71.3264,-156.671
"S304","m","2011-06-23 10:23:25",656.5,71.3264,-156.671
"S304","m","2011-06-24 09:55:15",724.333,71.3264,-156.671
"S304","m","2011-06-25 11:20:00",771.583,71.3264,-156.671
"S304","m","2011-06-26 14:03:45",762.167,71.3264,-156.671
"S304","f","2011-06-14 22:39:25",708.917,71.3264,-156.671
"S304","f","2011-06-15 19:33:30",788.583,71.3264,-156.671
"S304","f","2011-06-16 18:02:55",746.583,71.3264,-156.671
"S304","f","2011-06-17 16:24:50",791,71.3264,-156.671
"S304","f","2011-06-18 14:30:15",870.667,71.3264,-156.671
"S304","f","2011-06-19 16:48:55",843,71.3264,-156.671
"S304","f","2011-06-20 19:36:10",728.25,71.3264,-156.671
"S304","f","2011-06-21 20:31:40",840.583,71.3264,-156.671
"S304","f","2011-06-22 22:23:05",720.167,71.3264,-156.671
"S304","f","2011-06-23 21:20:10",755.083,71.3264,-156.671
"S304","f","2011-06-24 22:00:30",799.5,71.3264,-156.671
"S304","f","2011-06-26 00:11:35",832.167,71.3264,-156.671
"S304","f","2011-06-27 02:45:55",838.25,71.3264,-156.671
"S305","f","2011-06-11 20:01:30",550.167,71.3226,-156.653
"S305","f","2011-06-12 15:47:30",633.75,71.3226,-156.653
"S305","f","2011-06-13 10:15:55",450.667,71.3226,-156.653
"S305","f","2011-06-14 02:14:25",444.083,71.3226,-156.653
"S305","f","2011-06-14 16:44:45",675.25,71.3226,-156.653
"S305","f","2011-06-15 12:41:40",745.083,71.3226,-156.653
"S305","f","2011-06-16 09:53:20",245.833,71.3226,-156.653
"S305","f","2011-06-16 20:31:25",607.333,71.3226,-156.653
"S305","m","2011-06-15 04:02:00",519.667,71.3226,-156.653
"S305","m","2011-06-16 01:06:45",526.583,71.3226,-156.653
"S305","m","2011-06-16 13:59:10",392.25,71.3226,-156.653
"S305","m","2011-06-12 05:12:00",634,71.3226,-156.653
"S305","m","2011-06-13 02:22:00",473.917,71.3226,-156.653
"S305","m","2011-06-13 17:48:00",506,71.3226,-156.653
"S305","m","2011-06-14 09:40:00",424,71.3226,-156.653
"S306","f","2011-06-11 22:02:10",575.417,71.3233,-156.654
"S306","f","2011-06-12 16:12:00",679.167,71.3233,-156.654
"S306","m","2011-06-12 07:38:00",512,71.3233,-156.654
"S306","m","2011-06-13 03:31:10",528.75,71.3233,-156.654
"S307","f","2011-06-14 00:43:45",566.167,71.3262,-156.631
"S307","f","2011-06-14 20:05:50",744.5,71.3262,-156.631
"S307","f","2011-06-15 19:20:50",737.167,71.3262,-156.631
"S307","f","2011-06-16 15:47:35",756.167,71.3262,-156.631
"S307","f","2011-06-17 14:31:10",746.333,71.3262,-156.631
"S307","f","2011-06-18 11:49:05",288.583,71.3262,-156.631
"S307","f","2011-06-19 03:03:55",580,71.3262,-156.631
"S307","f","2011-06-19 23:22:15",710.417,71.3262,-156.631
"S307","f","2011-06-20 23:42:25",795.333,71.3262,-156.631
"S307","f","2011-06-21 23:58:50",720.25,71.3262,-156.631
"S307","f","2011-06-23 00:11:10",811.75,71.3262,-156.631
"S307","f","2011-06-24 00:37:50",672.583,71.3262,-156.631
"S307","f","2011-06-24 23:12:40",677.083,71.3262,-156.631
"S307","f","2011-06-25 22:31:25",758.667,71.3262,-156.631
"S307","f","2011-06-26 22:28:35",671.25,71.3262,-156.631
"S307","f","2011-06-27 22:10:05",735.5,71.3262,-156.631
"S307","f","2011-06-28 22:12:45",792.667,71.3262,-156.631
"S307","m","2011-06-14 10:10:50",594.917,71.3262,-156.631
"S307","m","2011-06-15 08:30:55",649.917,71.3262,-156.631
"S307","m","2011-06-16 07:38:10",489.417,71.3262,-156.631
"S307","m","2011-06-17 04:23:55",605.833,71.3262,-156.631
"S307","m","2011-06-18 02:57:40",531.25,71.3262,-156.631
"S307","m","2011-06-18 16:37:40",625.75,71.3262,-156.631
"S307","m","2011-06-19 12:44:20",637.667,71.3262,-156.631
"S307","m","2011-06-20 11:12:50",749.417,71.3262,-156.631
"S307","m","2011-06-21 12:58:15",660.417,71.3262,-156.631
"S307","m","2011-06-22 11:59:20",731.833,71.3262,-156.631
"S307","m","2011-06-23 13:43:05",654.75,71.3262,-156.631
"S307","m","2011-06-24 11:50:30",682.167,71.3262,-156.631
"S307","m","2011-06-25 10:29:45",721.667,71.3262,-156.631
"S307","m","2011-06-26 11:10:05",678.5,71.3262,-156.631
"S307","m","2011-06-27 09:40:00",749.75,71.3262,-156.631
"S307","m","2011-06-28 10:25:50",706.917,71.3262,-156.631
"S307","m","2011-06-13 15:20:50",562.083,71.3262,-156.631
"S308","m","2011-06-14 06:30:50",730.583,71.326,-156.671
"S308","m","2011-06-15 07:59:15",735.833,71.326,-156.671
"S308","m","2011-06-16 08:24:05",773.25,71.326,-156.671
"S308","m","2011-06-17 09:07:50",742.5,71.326,-156.671
"S308","m","2011-06-18 08:51:35",825.167,71.326,-156.671
"S308","m","2011-06-19 10:05:45",801.667,71.326,-156.671
"S308","m","2011-06-20 11:35:25",808.167,71.326,-156.671
"S308","f","2011-06-14 18:42:35",796.5,71.326,-156.671
"S308","f","2011-06-15 20:15:50",728.083,71.326,-156.671
"S308","f","2011-06-16 21:17:20",710.083,71.326,-156.671
"S308","f","2011-06-17 21:30:45",680.5,71.326,-156.671
"S308","f","2011-06-18 22:38:05",687.667,71.326,-156.671
"S308","f","2011-06-19 23:27:35",727.583,71.326,-156.671
"S308","f","2011-06-21 01:03:45",771.167,71.326,-156.671
"S308","f","2011-06-13 18:57:20",693.083,71.326,-156.671
"S309","m","2011-06-17 13:35:50",191.833,71.3232,-156.618
"S309","m","2011-06-17 20:49:35",236.5,71.3232,-156.618
"S309","m","2011-06-18 09:16:05",393.25,71.3232,-156.618
"S309","m","2011-06-18 20:29:00",399.833,71.3232,-156.618
"S309","m","2011-06-19 10:16:30",532.417,71.3232,-156.618
"S309","m","2011-06-20 06:31:30",539.583,71.3232,-156.618
"S309","m","2011-06-21 01:58:50",596.583,71.3232,-156.618
"S309","m","2011-06-21 21:06:45",603.5,71.3232,-156.618
"S309","m","2011-06-22 13:44:30",371.417,71.3232,-156.618
"S309","m","2011-06-23 06:34:20",584,71.3232,-156.618
"S309","m","2011-06-24 03:24:40",634.167,71.3232,-156.618
"S309","m","2011-06-25 04:09:25",727.25,71.3232,-156.618
"S309","m","2011-06-26 04:24:20",658.5,71.3232,-156.618
"S309","f","2011-06-19 03:12:50",423.5,71.3232,-156.618
"S309","f","2011-06-19 19:09:05",682,71.3232,-156.618
"S309","f","2011-06-20 15:31:20",625.917,71.3232,-156.618
"S309","f","2011-06-21 11:55:35",551,71.3232,-156.618
"S309","f","2011-06-22 07:10:25",393.833,71.3232,-156.618
"S309","f","2011-06-22 19:55:55",638.25,71.3232,-156.618
"S309","f","2011-06-23 16:18:35",665.833,71.3232,-156.618
"S309","f","2011-06-24 13:59:05",849.833,71.3232,-156.618
"S309","f","2011-06-25 16:16:40",727.583,71.3232,-156.618
"S309","f","2011-06-17 16:47:40",241,71.3232,-156.618
"S309","f","2011-06-18 00:47:40",507.667,71.3232,-156.618
"S309","f","2011-06-18 15:50:35",277.667,71.3232,-156.618
"S310","m","2011-06-17 22:18:20",602.083,71.3247,-156.619
"S310","m","2011-06-18 17:30:30",663.083,71.3247,-156.619
"S310","m","2011-06-19 18:36:35",652.833,71.3247,-156.619
"S310","m","2011-06-20 18:21:15",628.833,71.3247,-156.619
"S310","m","2011-06-21 18:26:15",694.25,71.3247,-156.619
"S310","f","2011-06-18 08:21:30",549,71.3247,-156.619
"S310","f","2011-06-19 04:34:00",842.5,71.3247,-156.619
"S310","f","2011-06-20 05:29:30",771.5,71.3247,-156.619
"S310","f","2011-06-21 04:50:05",816.167,71.3247,-156.619
"S311","f","2011-06-17 23:03:45",580.667,71.325,-156.617
"S311","f","2011-06-18 22:01:40",655,71.325,-156.617
"S311","f","2011-06-19 20:56:20",586,71.325,-156.617
"S311","f","2011-06-20 19:49:45",643.417,71.325,-156.617
"S311","f","2011-06-21 20:30:40",709.25,71.325,-156.617
"S311","f","2011-06-22 22:49:35",746.833,71.325,-156.617
"S311","m","2011-06-18 08:45:10",794.167,71.325,-156.617
"S311","m","2011-06-19 08:58:55",717.333,71.325,-156.617
"S311","m","2011-06-20 06:42:20",786.833,71.325,-156.617
"S311","m","2011-06-21 06:33:40",837,71.325,-156.617
"S311","m","2011-06-22 08:20:15",869.167,71.325,-156.617
"S312","m","2011-06-19 16:38:00",526.417,71.3237,-156.615
"S312","m","2011-06-20 11:24:00",575.333,71.3237,-156.615
"S312","m","2011-06-21 06:44:55",527.083,71.3237,-156.615
"S312","m","2011-06-22 03:52:00",546.917,71.3237,-156.615
"S312","m","2011-06-23 01:18:00",667.917,71.3237,-156.615
"S312","f","2011-06-19 10:56:00",340,71.3237,-156.615
"S312","f","2011-06-20 01:24:25",597.583,71.3237,-156.615
"S312","f","2011-06-20 20:59:20",585.583,71.3237,-156.615
"S312","f","2011-06-21 15:34:00",736,71.3237,-156.615
"S312","f","2011-06-22 12:58:55",737.083,71.3237,-156.615
"S312","f","2011-06-23 12:25:55",753.417,71.3237,-156.615
"S313","m","2011-06-18 00:54:00",576.167,71.3225,-156.609
"S313","m","2011-06-18 21:07:35",672.917,71.3225,-156.609
"S313","m","2011-06-19 19:36:00",699.333,71.3225,-156.609
"S313","m","2011-06-20 18:55:40",712.5,71.3225,-156.609
"S313","f","2011-06-18 10:32:00",635.333,71.3225,-156.609
"S313","f","2011-06-19 08:20:30",675.5,71.3225,-156.609
"S313","f","2011-06-20 07:15:30",700,71.3225,-156.609
"S313","f","2011-06-21 06:48:10",798.083,71.3225,-156.609
"S315","m","2011-06-19 12:03:00",641.083,71.3236,-156.624
"S315","m","2011-06-20 10:23:05",720.917,71.3236,-156.624
"S315","m","2011-06-21 12:07:35",700.75,71.3236,-156.624
"S315","m","2011-06-22 11:41:55",719.167,71.3236,-156.624
"S315","m","2011-06-23 12:45:10",679.833,71.3236,-156.624
"S315","m","2011-06-24 13:21:10",710.333,71.3236,-156.624
"S315","f","2011-06-19 22:44:05",699,71.3236,-156.624
"S315","f","2011-06-20 22:24:00",823.583,71.3236,-156.624
"S315","f","2011-06-21 23:48:20",713.583,71.3236,-156.624
"S315","f","2011-06-22 23:41:15",783.917,71.3236,-156.624
"S315","f","2011-06-24 00:05:00",796.167,71.3236,-156.624
"S315","f","2011-06-25 01:11:30",624.167,71.3236,-156.624
"S316","m","2011-06-20 07:08:35",715.417,71.323,-156.615
"S316","m","2011-06-21 07:45:30",717,71.323,-156.615
"S316","m","2011-06-22 08:45:00",729.917,71.323,-156.615
"S316","m","2011-06-23 09:31:50",651.667,71.323,-156.615
"S316","m","2011-06-24 08:04:55",711.25,71.323,-156.615
"S316","f","2011-06-20 19:04:00",761.5,71.323,-156.615
"S316","f","2011-06-21 19:42:30",782.5,71.323,-156.615
"S316","f","2011-06-22 20:54:55",756.917,71.323,-156.615
"S316","f","2011-06-23 20:23:30",700.5,71.323,-156.615
"S316","f","2011-06-24 19:56:10",810.417,71.323,-156.615
"S318","m","2011-06-22 06:08:00",783,71.3236,-156.662
"S318","m","2011-06-23 07:24:00",768.25,71.3236,-156.662
"S318","m","2011-06-24 08:30:00",691.167,71.3236,-156.662
"S318","m","2011-06-25 08:08:10",712.833,71.3236,-156.662
"S318","m","2011-06-26 08:47:45",682.917,71.3236,-156.662
"S318","m","2011-06-27 07:16:40",715.5,71.3236,-156.662
"S318","m","2011-06-28 08:57:10",713.417,71.3236,-156.662
"S318","m","2011-06-29 10:17:35",721.583,71.3236,-156.662
"S318","m","2011-06-30 11:06:40",691.417,71.3236,-156.662
"S318","m","2011-07-01 11:37:20",672.083,71.3236,-156.662
"S318","f","2011-06-24 20:01:10",727,71.3236,-156.662
"S318","f","2011-06-25 20:01:00",766.75,71.3236,-156.662
"S318","f","2011-06-26 20:10:40",666,71.3236,-156.662
"S318","f","2011-06-27 19:12:10",825,71.3236,-156.662
"S318","f","2011-06-28 20:50:35",807,71.3236,-156.662
"S318","f","2011-06-29 22:19:10",767.5,71.3236,-156.662
"S318","f","2011-06-30 22:38:05",779.25,71.3236,-156.662
"S318","f","2011-06-22 19:11:00",731,71.3236,-156.662
"S318","f","2011-06-23 20:12:15",735.75,71.3236,-156.662
"S320","f","2011-06-21 06:46:00",580.417,71.3267,-156.644
"S320","f","2011-06-22 04:14:00",533.25,71.3267,-156.644
"S320","f","2011-06-23 02:04:00",746.25,71.3267,-156.644
"S320","f","2011-06-24 02:38:00",707.417,71.3267,-156.644
"S320","f","2011-06-25 04:27:25",621.917,71.3267,-156.644
"S320","f","2011-06-26 02:30:20",859.917,71.3267,-156.644
"S320","f","2011-06-27 04:19:20",801.667,71.3267,-156.644
"S320","f","2011-06-28 05:45:50",897.167,71.3267,-156.644
"S320","f","2011-06-29 07:16:35",944.083,71.3267,-156.644
"S320","f","2011-06-30 11:05:45",719.083,71.3267,-156.644
"S320","f","2011-07-01 12:46:30",936.667,71.3267,-156.644
"S320","m","2011-06-24 15:19:00",788.417,71.3267,-156.644
"S320","m","2011-06-25 14:49:20",701,71.3267,-156.644
"S320","m","2011-06-26 16:50:15",689.083,71.3267,-156.644
"S320","m","2011-06-27 17:41:00",724.833,71.3267,-156.644
"S320","m","2011-06-28 20:43:00",633.583,71.3267,-156.644
"S320","m","2011-06-29 23:00:40",725.083,71.3267,-156.644
"S320","m","2011-06-30 23:04:50",821.667,71.3267,-156.644
"S320","m","2011-07-02 04:23:10",867.083,71.3267,-156.644
"S320","m","2011-06-21 19:59:00",493,71.3267,-156.644
"S320","m","2011-06-22 13:07:15",774.75,71.3267,-156.644
"S320","m","2011-06-23 17:45:00",529,71.3267,-156.644
"S321","m","2011-06-21 04:50:05",743.75,71.3242,-156.643
"S321","m","2011-06-22 05:59:10",749.75,71.3242,-156.643
"S321","m","2011-06-23 08:07:35",673.167,71.3242,-156.643
"S321","m","2011-06-24 08:16:40",670.417,71.3242,-156.643
"S321","m","2011-06-25 08:23:05",705.667,71.3242,-156.643
"S321","m","2011-06-26 08:02:25",751,71.3242,-156.643
"S321","m","2011-06-27 08:39:05",584,71.3242,-156.643
"S321","m","2011-06-28 09:13:05",677.083,71.3242,-156.643
"S321","f","2011-06-27 18:23:50",889.25,71.3242,-156.643
"S321","f","2011-06-28 20:30:20",801.583,71.3242,-156.643
"S321","f","2011-06-21 17:13:50",765,71.3242,-156.643
"S321","f","2011-06-22 18:31:00",816.417,71.3242,-156.643
"S321","f","2011-06-23 19:22:45",773.5,71.3242,-156.643
"S321","f","2011-06-24 19:28:10",774.667,71.3242,-156.643
"S321","f","2011-06-25 20:12:30",709.917,71.3242,-156.643
"S321","f","2011-06-26 20:36:45",712.667,71.3242,-156.643
"S322","m","2011-06-23 14:48:00",430.333,71.321,-156.672
"S322","m","2011-06-24 08:36:00",597.25,71.321,-156.672
"S322","m","2011-06-25 05:38:00",638.083,71.321,-156.672
"S322","m","2011-06-26 04:38:00",807.833,71.321,-156.672
"S322","f","2011-06-24 01:25:00",429,71.321,-156.672
"S322","f","2011-06-24 19:02:00",634,71.321,-156.672
"S322","f","2011-06-25 16:16:05",739.917,71.321,-156.672
"S322","f","2011-06-26 18:05:50",746.167,71.321,-156.672
"S323","m","2011-06-23 11:53:40",670.333,71.316,-156.664
"S323","m","2011-06-24 09:31:00",585.583,71.316,-156.664
"S323","m","2011-06-25 07:35:05",755.917,71.316,-156.664
"S323","m","2011-06-26 07:41:05",726.25,71.316,-156.664
"S323","m","2011-06-27 07:20:05",677.583,71.316,-156.664
"S323","m","2011-06-28 07:10:05",768.417,71.316,-156.664
"S323","f","2011-06-23 23:12:00",618,71.316,-156.664
"S323","f","2011-06-24 19:16:35",738.5,71.316,-156.664
"S323","f","2011-06-25 20:11:00",690.083,71.316,-156.664
"S323","f","2011-06-26 19:47:20",692.75,71.316,-156.664
"S323","f","2011-06-27 18:37:40",752.417,71.316,-156.664
"S401","m","2011-06-26 03:28:30",797.833,71.3148,-156.667
"S401","m","2011-06-27 05:24:35",732.667,71.3148,-156.667
"S401","m","2011-06-28 07:32:10",786.917,71.3148,-156.667
"S401","f","2011-06-26 16:46:20",758.25,71.3148,-156.667
"S401","f","2011-06-27 17:37:15",834.917,71.3148,-156.667
"S401","f","2011-06-28 20:39:05",729.833,71.3148,-156.667
"S405","m","2011-06-23 23:02:00",668.167,71.3164,-156.664
"S405","m","2011-06-25 03:48:00",926.333,71.3164,-156.664
"S405","m","2011-06-26 09:14:45",851.833,71.3164,-156.664
"S405","m","2011-06-27 13:02:35",877.333,71.3164,-156.664
"S405","m","2011-06-28 19:00:25",863.917,71.3164,-156.664
"S405","m","2011-06-30 01:59:25",965.083,71.3164,-156.664
"S405","f","2011-06-26 23:26:35",816,71.3164,-156.664
"S405","f","2011-06-28 03:39:55",920.5,71.3164,-156.664
"S405","f","2011-06-29 09:24:20",995.083,71.3164,-156.664
"S405","f","2011-06-24 10:10:10",1055.83,71.3164,-156.664
"S405","f","2011-06-25 19:14:20",840.417,71.3164,-156.664
"S502","m","2011-06-08 01:25:50",700.5,71.321,-156.67
"S502","m","2011-06-08 16:42:50",281.583,71.321,-156.67
"S502","m","2011-06-09 03:57:00",565.5,71.321,-156.67
"S502","m","2011-06-09 22:44:15",441.75,71.321,-156.67
"S502","m","2011-06-10 12:11:05",579.417,71.321,-156.67
"S502","m","2011-06-11 06:07:50",529.5,71.321,-156.67
"S502","m","2011-06-12 02:28:05",679.667,71.321,-156.67
"S502","m","2011-06-13 00:11:40",470.5,71.321,-156.67
"S502","m","2011-06-13 12:36:30",437.417,71.321,-156.67
"S502","m","2011-06-14 06:03:30",528.75,71.321,-156.67
"S502","m","2011-06-15 01:36:05",523.333,71.321,-156.67
"S502","m","2011-06-15 18:42:40",620.333,71.321,-156.67
"S502","m","2011-06-16 11:40:30",21.25,71.321,-156.67
"S502","m","2011-06-16 12:55:10",745.417,71.321,-156.67
"S502","f","2011-06-08 13:15:00",207.75,71.321,-156.67
"S502","f","2011-06-08 21:24:30",392.417,71.321,-156.67
"S502","f","2011-06-09 13:22:45",561.25,71.321,-156.67
"S502","f","2011-06-10 06:06:10",364.917,71.321,-156.67
"S502","f","2011-06-10 21:50:30",497.333,71.321,-156.67
"S502","f","2011-06-11 14:57:20",690.75,71.321,-156.67
"S502","f","2011-06-12 13:47:45",623.917,71.321,-156.67
"S502","f","2011-06-13 08:02:20",274.167,71.321,-156.67
"S502","f","2011-06-13 19:53:55",609.583,71.321,-156.67
"S502","f","2011-06-14 14:52:15",643.833,71.321,-156.67
"S502","f","2011-06-15 10:19:25",503.25,71.321,-156.67
"S502","f","2011-06-16 05:03:05",397.417,71.321,-156.67
"S502","f","2011-06-16 12:01:45",53.4167,71.321,-156.67
"S502","f","2011-06-17 01:20:35",509.417,71.321,-156.67
"S503","m","2011-06-07 13:16:20",429.333,71.322,-156.669
"S503","m","2011-06-08 03:45:05",602.917,71.322,-156.669
"S503","m","2011-06-08 23:28:20",777.083,71.322,-156.669
"S503","m","2011-06-09 22:35:00",730.5,71.322,-156.669
"S503","m","2011-06-10 20:30:05",605.833,71.322,-156.669
"S503","m","2011-06-11 12:05:25",431.167,71.322,-156.669
"S503","m","2011-06-12 03:20:30",636.417,71.322,-156.669
"S503","m","2011-06-13 01:18:35",556.833,71.322,-156.669
"S503","m","2011-06-13 20:55:50",665,71.322,-156.669
"S503","m","2011-06-14 15:35:30",629.333,71.322,-156.669
"S503","m","2011-06-15 11:22:05",659.5,71.322,-156.669
"S503","m","2011-06-16 10:13:15",763.583,71.322,-156.669
"S503","m","2011-06-17 09:51:20",805.5,71.322,-156.669
"S503","m","2011-06-18 10:52:55",858.75,71.322,-156.669
"S503","m","2011-06-19 12:44:25",858.5,71.322,-156.669
"S503","m","2011-06-20 15:20:55",754.5,71.322,-156.669
"S503","m","2011-06-21 17:50:00",716.833,71.322,-156.669
"S503","m","2011-06-22 19:24:00",768.167,71.322,-156.669
"S503","m","2011-06-23 20:45:40",768.25,71.322,-156.669
"S503","f","2011-06-07 20:26:00",439.083,71.322,-156.669
"S503","f","2011-06-08 13:48:55",579.417,71.322,-156.669
"S503","f","2011-06-09 12:25:40",609.333,71.322,-156.669
"S503","f","2011-06-10 10:49:00",581,71.322,-156.669
"S503","f","2011-06-11 06:36:00",329.083,71.322,-156.669
"S503","f","2011-06-11 19:16:55",483.583,71.322,-156.669
"S503","f","2011-06-12 13:57:20",681.25,71.322,-156.669
"S503","f","2011-06-13 10:38:45",616.583,71.322,-156.669
"S503","f","2011-06-14 08:01:05",454.083,71.322,-156.669
"S503","f","2011-06-15 02:05:00",556.5,71.322,-156.669
"S503","f","2011-06-15 22:21:50",708.167,71.322,-156.669
"S503","f","2011-06-16 22:56:50",654.5,71.322,-156.669
"S503","f","2011-06-17 23:16:50",696.083,71.322,-156.669
"S503","f","2011-06-19 01:12:00",692.417,71.322,-156.669
"S503","f","2011-06-20 03:02:55",738,71.322,-156.669
"S503","f","2011-06-21 03:56:00",834,71.322,-156.669
"S503","f","2011-06-22 05:46:50",815.167,71.322,-156.669
"S503","f","2011-06-23 08:12:40",753,71.322,-156.669
"S503","f","2011-06-24 09:33:55",771.833,71.322,-156.669
"S504","m","2011-06-08 13:02:25",392.667,71.3216,-156.674
"S504","m","2011-06-09 03:59:55",511.833,71.3216,-156.674
"S504","m","2011-06-09 23:37:00",767,71.3216,-156.674
"S504","m","2011-06-10 23:04:15",790.75,71.3216,-156.674
"S504","f","2011-06-08 00:18:00",764.417,71.3216,-156.674
"S504","f","2011-06-08 19:38:00",500,71.3216,-156.674
"S504","f","2011-06-09 12:32:00",590,71.3216,-156.674
"S504","f","2011-06-10 12:24:00",640.25,71.3216,-156.674
"S505","m","2011-06-09 13:59:20",631.75,71.329,-156.639
"S505","m","2011-06-10 12:52:05",624.583,71.329,-156.639
"S505","m","2011-06-11 12:19:20",649.083,71.329,-156.639
"S505","m","2011-06-12 13:46:15",625.417,71.329,-156.639
"S505","m","2011-06-13 10:10:55",538.167,71.329,-156.639
"S505","m","2011-06-14 04:13:10",546.417,71.329,-156.639
"S505","m","2011-06-15 00:08:55",581.917,71.329,-156.639
"S505","m","2011-06-15 23:57:20",658,71.329,-156.639
"S505","m","2011-06-17 00:08:50",695,71.329,-156.639
"S505","m","2011-06-18 03:13:15",549,71.329,-156.639
"S505","m","2011-06-19 03:58:30",1020.42,71.329,-156.639
"S505","m","2011-06-20 09:58:30",879.583,71.329,-156.639
"S505","f","2011-06-14 13:19:50",649.083,71.329,-156.639
"S505","f","2011-06-15 09:51:10",758.5,71.329,-156.639
"S505","f","2011-06-16 10:55:35",792.833,71.329,-156.639
"S505","f","2011-06-17 11:44:05",928.417,71.329,-156.639
"S505","f","2011-06-18 12:22:25",935.667,71.329,-156.639
"S505","f","2011-06-19 20:59:05",779.083,71.329,-156.639
"S505","f","2011-06-09 06:26:00",452.167,71.329,-156.639
"S505","f","2011-06-10 00:32:10",738.917,71.329,-156.639
"S505","f","2011-06-10 23:16:40",781.833,71.329,-156.639
"S505","f","2011-06-11 23:19:20",866,71.329,-156.639
"S505","f","2011-06-13 00:13:00",597.083,71.329,-156.639
"S505","f","2011-06-13 19:10:35",541.583,71.329,-156.639
"S507","m","2011-06-14 13:57:10",284.833,71.3225,-156.668
"S507","m","2011-06-15 02:32:00",414,71.3225,-156.668
"S507","m","2011-06-15 10:41:00",97.3333,71.3225,-156.668
"S507","m","2011-06-15 17:47:35",484.417,71.3225,-156.668
"S507","m","2011-06-16 08:59:55",494.167,71.3225,-156.668
"S507","m","2011-06-17 02:52:35",617.583,71.3225,-156.668
"S507","m","2011-06-17 23:14:05",489.5,71.3225,-156.668
"S507","m","2011-06-18 12:17:20",412.25,71.3225,-156.668
"S507","m","2011-06-19 06:06:30",646,71.3225,-156.668
"S507","m","2011-06-20 04:19:25",681.5,71.3225,-156.668
"S507","m","2011-06-21 03:58:25",726.75,71.3225,-156.668
"S507","m","2011-06-22 04:02:35",710,71.3225,-156.668
"S507","m","2011-06-23 05:38:50",724.417,71.3225,-156.668
"S507","f","2011-06-14 08:14:55",342.25,71.3225,-156.668
"S507","f","2011-06-14 18:44:00",466,71.3225,-156.668
"S507","f","2011-06-15 09:28:00",46.9167,71.3225,-156.668
"S507","f","2011-06-15 12:18:20",329.25,71.3225,-156.668
"S507","f","2011-06-16 01:52:00",427.917,71.3225,-156.668
"S507","f","2011-06-16 17:14:05",578.5,71.3225,-156.668
"S507","f","2011-06-17 13:10:10",603.917,71.3225,-156.668
"S507","f","2011-06-18 07:23:35",293.75,71.3225,-156.668
"S507","f","2011-06-18 19:09:35",656.917,71.3225,-156.668
"S507","f","2011-06-19 16:52:30",686.917,71.3225,-156.668
"S507","f","2011-06-20 15:40:55",737.5,71.3225,-156.668
"S507","f","2011-06-21 16:05:10",717.417,71.3225,-156.668
"S507","f","2011-06-22 15:52:35",826.25,71.3225,-156.668
"S507","f","2011-06-23 17:43:15",805.083,71.3225,-156.668
"S510","f","2011-06-17 16:19:45",597.417,71.3214,-156.675
"S510","f","2011-06-18 10:02:20",199.333,71.3214,-156.675
"S510","f","2011-06-18 20:44:00",680,71.3214,-156.675
"S510","f","2011-06-19 18:32:20",662.083,71.3214,-156.675
"S510","f","2011-06-20 17:07:25",591.25,71.3214,-156.675
"S510","f","2011-06-21 13:52:00",612.167,71.3214,-156.675
"S510","f","2011-06-22 09:30:45",589.167,71.3214,-156.675
"S510","f","2011-06-23 05:05:55",760.583,71.3214,-156.675
"S510","m","2011-06-17 06:28:00",591.583,71.3214,-156.675
"S510","m","2011-06-18 02:20:00",462.333,71.3214,-156.675
"S510","m","2011-06-18 13:22:00",440.667,71.3214,-156.675
"S510","m","2011-06-19 08:06:00",626.333,71.3214,-156.675
"S510","m","2011-06-20 05:34:25",692.75,71.3214,-156.675
"S510","m","2011-06-21 02:58:40",651.333,71.3214,-156.675
"S510","m","2011-06-22 00:04:10",566.583,71.3214,-156.675
"S510","m","2011-06-22 19:20:00",585.75,71.3214,-156.675
"S512","f","2011-06-21 07:54:50",376,71.3256,-156.64
"S512","f","2011-06-21 23:48:10",479.833,71.3256,-156.64
"S512","f","2011-06-22 17:35:10",583.5,71.3256,-156.64
"S512","m","2011-06-21 00:35:30",439.333,71.3256,-156.64
"S512","m","2011-06-21 14:10:50",577.333,71.3256,-156.64
"S512","m","2011-06-22 07:48:00",587.167,71.3256,-156.64
"S513","m","2011-06-22 12:22:05",509.667,71.3232,-156.664
"S513","m","2011-06-23 07:26:00",499.833,71.3232,-156.664
"S513","m","2011-06-24 01:06:00",553.917,71.3232,-156.664
"S513","m","2011-06-24 20:35:10",474.167,71.3232,-156.664
"S513","m","2011-06-25 14:24:25",687.667,71.3232,-156.664
"S513","m","2011-06-26 11:30:30",716.417,71.3232,-156.664
"S513","m","2011-06-27 11:00:50",851.167,71.3232,-156.664
"S513","m","2011-06-28 13:06:40",712.333,71.3232,-156.664
"S513","m","2011-06-29 12:38:25",724.417,71.3232,-156.664
"S513","m","2011-06-30 12:39:10",744.917,71.3232,-156.664
"S513","m","2011-07-01 12:41:00",739.417,71.3232,-156.664
"S513","m","2011-07-02 14:00:40",670.25,71.3232,-156.664
"S513","m","2011-07-03 12:17:25",814.75,71.3232,-156.664
"S513","m","2011-07-04 15:04:00",734.083,71.3232,-156.664
"S513","m","2011-07-05 15:22:00",739.5,71.3232,-156.664
"S513","m","2011-07-06 17:03:05",708.917,71.3232,-156.664
"S513","m","2011-07-07 18:22:35",715.75,71.3232,-156.664
"S513","m","2011-07-08 20:07:10",894.75,71.3232,-156.664
"S513","f","2011-06-23 16:06:00",538,71.3232,-156.664
"S513","f","2011-06-24 16:59:15",215.917,71.3232,-156.664
"S513","f","2011-06-25 04:29:20",595.083,71.3232,-156.664
"S513","f","2011-06-26 01:52:05",578.417,71.3232,-156.664
"S513","f","2011-06-26 23:26:55",693.917,71.3232,-156.664
"S513","f","2011-06-28 01:12:00",714.667,71.3232,-156.664
"S513","f","2011-06-29 00:59:00",699.417,71.3232,-156.664
"S513","f","2011-06-30 00:42:50",716.333,71.3232,-156.664
"S513","f","2011-07-01 01:04:20",696.667,71.3232,-156.664
"S513","f","2011-07-02 01:00:25",780.25,71.3232,-156.664
"S513","f","2011-07-03 01:10:55",666,71.3232,-156.664
"S513","f","2011-07-04 01:52:10",791.833,71.3232,-156.664
"S513","f","2011-07-05 03:18:05",722.417,71.3232,-156.664
"S513","f","2011-07-06 03:42:00",801.083,71.3232,-156.664
"S513","f","2011-07-07 04:52:00",810.417,71.3232,-156.664
"S513","f","2011-07-08 06:18:20",828.833,71.3232,-156.664
"S513","f","2011-07-09 11:04:00",899.417,71.3232,-156.664
"S513","f","2011-06-22 06:37:00",345.083,71.3232,-156.664
"S513","f","2011-06-22 22:25:00",539,71.3232,-156.664
"S514","f","2011-06-22 06:14:30",348.083,71.3301,-156.644
"S514","f","2011-06-22 19:03:30",471.917,71.3301,-156.644
"S514","f","2011-06-23 13:16:10",615.833,71.3301,-156.644
"S514","f","2011-06-24 08:09:05",525.583,71.3301,-156.644
"S514","f","2011-06-25 03:33:25",396.5,71.3301,-156.644
"S514","m","2011-06-22 12:04:00",419.5,71.3301,-156.644
"S514","m","2011-06-23 02:55:25",620.75,71.3301,-156.644
"S514","m","2011-06-23 23:34:00",515.083,71.3301,-156.644
"S514","m","2011-06-24 16:54:40",638.75,71.3301,-156.644
"S516","m","2011-06-27 21:51:55",579.833,71.323,-156.678
"S516","m","2011-06-28 18:45:35",615.25,71.323,-156.678
"S516","m","2011-06-29 18:07:20",646.167,71.323,-156.678
"S516","m","2011-06-30 15:32:15",670,71.323,-156.678
"S516","m","2011-07-01 11:58:30",613,71.323,-156.678
"S516","f","2011-06-27 10:33:45",678.167,71.323,-156.678
"S516","f","2011-06-28 07:40:00",665.583,71.323,-156.678
"S516","f","2011-06-29 05:00:50",786.5,71.323,-156.678
"S516","f","2011-06-30 04:53:30",638.75,71.323,-156.678
"S516","f","2011-07-01 02:42:15",556.25,71.323,-156.678
"S518","m","2011-06-27 01:44:25",544.25,71.3176,-156.664
"S518","m","2011-06-27 21:46:15",628,71.3176,-156.664
"S518","m","2011-06-28 20:10:15",665.417,71.3176,-156.664
"S518","m","2011-06-29 19:36:45",695.833,71.3176,-156.664
"S518","f","2011-06-27 10:48:40",657.583,71.3176,-156.664
"S518","f","2011-06-28 08:14:15",716,71.3176,-156.664
"S518","f","2011-06-29 07:15:40",741.083,71.3176,-156.664
"S520","f","2011-07-06 23:23:45",812.25,71.326,-156.676
"S520","f","2011-07-07 12:59:25",13.3333,71.326,-156.676
"S520","f","2011-07-08 02:24:30",1099.83,71.326,-156.676
"S520","f","2011-07-09 07:06:00",852.417,71.326,-156.676
"S520","f","2011-07-10 10:56:30",5.16667,71.326,-156.676
"S520","f","2011-07-10 11:34:25",798.167,71.326,-156.676
"S520","f","2011-07-11 14:21:55",731.917,71.326,-156.676
"S520","f","2011-07-12 13:09:10",798.167,71.326,-156.676
"S520","f","2011-07-13 15:16:25",782.25,71.326,-156.676
"S520","m","2011-07-07 12:56:00",3.41667,71.326,-156.676
"S520","m","2011-07-07 13:14:00",782,71.326,-156.676
"S520","m","2011-07-08 20:44:20",621.667,71.326,-156.676
"S520","m","2011-07-09 21:18:25",818.083,71.326,-156.676
"S520","m","2011-07-10 11:01:40",32.75,71.326,-156.676
"S520","m","2011-07-11 00:52:35",809.333,71.326,-156.676
"S520","m","2011-07-12 02:33:50",635.333,71.326,-156.676
"S520","m","2011-07-13 02:27:20",769.083,71.326,-156.676
"S521","m","2011-07-09 09:24:00",678.417,71.3267,-156.673
"S521","m","2011-07-10 09:27:45",884.25,71.3267,-156.673
"S521","m","2011-07-11 12:54:20",683.5,71.3267,-156.673
"S521","f","2011-07-09 20:42:25",765.333,71.3267,-156.673
"S521","f","2011-07-11 00:12:10",762.167,71.3267,-156.673
"S601","m","2011-06-21 07:18:00",695,71.3213,-156.648
"S601","m","2011-06-22 06:11:45",749.25,71.3213,-156.648
"S601","m","2011-06-23 05:58:50",716.167,71.3213,-156.648
"S601","f","2011-06-21 18:54:00",677.75,71.3213,-156.648
"S601","f","2011-06-22 18:42:00",676.833,71.3213,-156.648
"S701","m","2011-06-10 18:37:50",334.667,71.3185,-156.668
"S701","m","2011-06-11 09:28:30",413.833,71.3185,-156.668
"S701","m","2011-06-12 01:52:30",720.25,71.3185,-156.668
"S701","m","2011-06-12 23:24:30",4.75,71.3185,-156.668
"S701","m","2011-06-13 04:07:30",524,71.3185,-156.668
"S701","m","2011-06-13 21:12:30",440,71.3185,-156.668
"S701","m","2011-06-14 13:22:30",556,71.3185,-156.668
"S701","m","2011-06-15 08:48:50",552.667,71.3185,-156.668
"S701","m","2011-06-16 05:14:00",397.083,71.3185,-156.668
"S701","m","2011-06-16 21:27:50",585.667,71.3185,-156.668
"S701","f","2011-06-14 22:38:30",610.333,71.3185,-156.668
"S701","f","2011-06-15 18:02:30",671.5,71.3185,-156.668
"S701","f","2011-06-16 11:51:05",576.75,71.3185,-156.668
"S701","f","2011-06-11 00:14:30",552,71.3185,-156.668
"S701","f","2011-06-11 16:22:20",569.167,71.3185,-156.668
"S701","f","2011-06-12 13:52:45",569.75,71.3185,-156.668
"S701","f","2011-06-12 23:38:30",267,71.3185,-156.668
"S701","f","2011-06-13 12:53:30",498,71.3185,-156.668
"S701","f","2011-06-14 04:32:30",529,71.3185,-156.668
"S703","f","2011-06-19 06:46:05",701.583,71.3283,-156.641
"S703","f","2011-06-20 04:45:10",845,71.3283,-156.641
"S703","f","2011-06-21 06:47:45",847.167,71.3283,-156.641
"S703","f","2011-06-22 08:33:55",812.667,71.3283,-156.641
"S703","f","2011-06-23 09:28:25",599.667,71.3283,-156.641
"S703","f","2011-06-24 07:27:50",637.917,71.3283,-156.641
"S703","f","2011-06-25 04:18:05",610.083,71.3283,-156.641
"S703","m","2011-06-18 20:05:20",640.75,71.3283,-156.641
"S703","m","2011-06-19 18:28:20",616.75,71.3283,-156.641
"S703","m","2011-06-20 18:51:30",716.167,71.3283,-156.641
"S703","m","2011-06-21 20:55:55",697.083,71.3283,-156.641
"S703","m","2011-06-22 22:06:45",681.667,71.3283,-156.641
"S703","m","2011-06-23 19:28:05",717.417,71.3283,-156.641
"S703","m","2011-06-24 18:06:00",612.083,71.3283,-156.641
"S703","m","2011-06-25 14:28:25",684.333,71.3283,-156.641
"S704","m","2011-06-12 22:48:00",470.5,71.3228,-156.65
"S704","m","2011-06-13 13:29:15",606.583,71.3228,-156.65
"S704","m","2011-06-14 09:27:15",652.333,71.3228,-156.65
"S704","m","2011-06-15 07:22:45",694.167,71.3228,-156.65
"S704","m","2011-06-16 07:12:25",683.333,71.3228,-156.65
"S704","m","2011-06-17 06:46:20",715.917,71.3228,-156.65
"S704","m","2011-06-18 07:47:15",712.333,71.3228,-156.65
"S704","m","2011-06-19 08:55:05",697.167,71.3228,-156.65
"S704","m","2011-06-20 09:42:55",724.75,71.3228,-156.65
"S704","m","2011-06-21 11:29:15",633.417,71.3228,-156.65
"S704","m","2011-06-22 10:09:55",739,71.3228,-156.65
"S704","m","2011-06-23 11:09:40",690.333,71.3228,-156.65
"S704","f","2011-06-13 06:38:30",410.75,71.3228,-156.65
"S704","f","2011-06-13 23:35:50",591.417,71.3228,-156.65
"S704","f","2011-06-14 20:19:35",663.167,71.3228,-156.65
"S704","f","2011-06-15 18:56:55",735.5,71.3228,-156.65
"S704","f","2011-06-16 18:36:00",730.333,71.3228,-156.65
"S704","f","2011-06-17 18:42:15",785,71.3228,-156.65
"S704","f","2011-06-18 19:40:00",795.083,71.3228,-156.65
"S704","f","2011-06-19 20:32:15",790.667,71.3228,-156.65
"S704","f","2011-06-20 21:47:40",821.583,71.3228,-156.65
"S704","f","2011-06-21 22:02:40",727.25,71.3228,-156.65
"S704","f","2011-06-22 22:29:30",760.167,71.3228,-156.65
"S704","f","2011-06-23 22:40:00",754.667,71.3228,-156.65
"S704","f","2011-06-12 12:18:00",628,71.3228,-156.65
"S706","m","2011-06-12 02:32:00",391.583,71.3207,-156.673
"S706","m","2011-06-12 20:17:35",474.917,71.3207,-156.673
"S706","m","2011-06-13 15:23:50",575.75,71.3207,-156.673
"S706","m","2011-06-14 11:14:00",531.25,71.3207,-156.673
"S706","m","2011-06-15 08:49:40",588.167,71.3207,-156.673
"S706","m","2011-06-16 06:31:10",652.833,71.3207,-156.673
"S706","m","2011-06-17 06:58:05",720.25,71.3207,-156.673
"S706","m","2011-06-18 08:40:00",754.917,71.3207,-156.673
"S706","m","2011-06-19 09:51:00",665.75,71.3207,-156.673
"S706","m","2011-06-20 12:50:50",708.583,71.3207,-156.673
"S706","m","2011-06-21 16:04:55",698,71.3207,-156.673
"S706","f","2011-06-13 04:14:00",669.083,71.3207,-156.673
"S706","f","2011-06-14 00:59:40",614.333,71.3207,-156.673
"S706","f","2011-06-14 20:06:00",763.667,71.3207,-156.673
"S706","f","2011-06-15 18:38:00",713.167,71.3207,-156.673
"S706","f","2011-06-16 17:24:00",814.083,71.3207,-156.673
"S706","f","2011-06-17 18:58:20",821.333,71.3207,-156.673
"S706","f","2011-06-18 21:14:55",756.083,71.3207,-156.673
"S706","f","2011-06-19 20:56:45",954.083,71.3207,-156.673
"S706","f","2011-06-21 00:39:25",925.5,71.3207,-156.673
"S706","f","2011-06-22 03:42:55",1019.25,71.3207,-156.673
"S706","f","2011-06-12 12:03:00",493,71.3207,-156.673
"S707","f","2011-06-14 19:50:40",621.583,71.3184,-156.66
"S707","f","2011-06-15 17:54:05",660.333,71.3184,-156.66
"S707","f","2011-06-16 11:31:00",306.333,71.3184,-156.66
"S707","f","2011-06-16 23:13:45",830.333,71.3184,-156.66
"S707","f","2011-06-17 23:57:25",624.333,71.3184,-156.66
"S707","f","2011-06-18 22:46:55",662.5,71.3184,-156.66
"S707","f","2011-06-19 22:26:00",709.667,71.3184,-156.66
"S707","f","2011-06-20 22:29:55",812.583,71.3184,-156.66
"S707","f","2011-06-22 01:38:30",742.083,71.3184,-156.66
"S707","f","2011-06-23 03:43:05",824.333,71.3184,-156.66
"S707","f","2011-06-24 05:32:50",755.417,71.3184,-156.66
"S707","m","2011-06-15 06:12:15",701.833,71.3184,-156.66
"S707","m","2011-06-16 04:54:25",396.583,71.3184,-156.66
"S707","m","2011-06-16 16:37:20",396.417,71.3184,-156.66
"S707","m","2011-06-17 13:04:05",653.333,71.3184,-156.66
"S707","m","2011-06-18 10:21:45",745.167,71.3184,-156.66
"S707","m","2011-06-19 09:49:25",756.583,71.3184,-156.66
"S707","m","2011-06-20 10:15:40",734.25,71.3184,-156.66
"S707","m","2011-06-21 12:02:30",816,71.3184,-156.66
"S707","m","2011-06-22 14:00:35",822.5,71.3184,-156.66
"S707","m","2011-06-23 17:27:25",725.417,71.3184,-156.66
"S707","m","2011-06-24 18:08:15",636.083,71.3184,-156.66
"S707","m","2011-06-14 08:50:00",660.667,71.3184,-156.66
"S708","f","2011-06-15 19:50:50",654.583,71.3266,-156.67
"S708","f","2011-06-16 18:11:30",691.917,71.3266,-156.67
"S708","f","2011-06-17 17:11:35",737.833,71.3266,-156.67
"S708","f","2011-06-18 19:47:40",708.833,71.3266,-156.67
"S708","f","2011-06-19 20:11:20",732.833,71.3266,-156.67
"S708","f","2011-06-20 21:17:00",674.25,71.3266,-156.67
"S708","f","2011-06-21 20:33:25",788.25,71.3266,-156.67
"S708","f","2011-06-22 22:21:30",691.833,71.3266,-156.67
"S708","f","2011-06-23 20:39:10",627.583,71.3266,-156.67
"S708","m","2011-06-15 08:11:55",698.833,71.3266,-156.67
"S708","m","2011-06-16 06:45:25",686.083,71.3266,-156.67
"S708","m","2011-06-17 05:43:30",688.083,71.3266,-156.67
"S708","m","2011-06-18 05:29:35",857.917,71.3266,-156.67
"S708","m","2011-06-19 07:36:30",754.833,71.3266,-156.67
"S708","m","2011-06-20 08:24:10",772.833,71.3266,-156.67
"S708","m","2011-06-21 08:31:15",721.917,71.3266,-156.67
"S708","m","2011-06-22 09:41:50",758.833,71.3266,-156.67
"S708","m","2011-06-23 09:53:35",645.417,71.3266,-156.67
"S708","m","2011-06-24 07:07:00",615.5,71.3266,-156.67
"S709","m","2011-06-16 10:06:00",888.583,71.323,-156.648
"S709","m","2011-06-17 11:54:10",761.583,71.323,-156.648
"S709","m","2011-06-18 11:25:50",806.5,71.323,-156.648
"S709","m","2011-06-19 13:02:50",797,71.323,-156.648
"S709","m","2011-06-20 14:36:10",731.917,71.323,-156.648
"S709","m","2011-06-21 15:30:45",689.667,71.323,-156.648
"S709","m","2011-06-22 14:08:55",768.667,71.323,-156.648
"S709","m","2011-06-23 16:19:35",814.083,71.323,-156.648
"S709","m","2011-06-24 19:11:40",789.583,71.323,-156.648
"S709","f","2011-06-16 00:29:00",564.667,71.323,-156.648
"S709","f","2011-06-17 00:54:35",659.583,71.323,-156.648
"S709","f","2011-06-18 00:35:45",650.083,71.323,-156.648
"S709","f","2011-06-19 00:52:20",730.5,71.323,-156.648
"S709","f","2011-06-20 02:19:50",736.333,71.323,-156.648
"S709","f","2011-06-21 02:48:05",762.667,71.323,-156.648
"S709","f","2011-06-22 03:00:25",668.5,71.323,-156.648
"S709","f","2011-06-23 02:57:35",802,71.323,-156.648
"S709","f","2011-06-24 05:53:40",798,71.323,-156.648
"S709","f","2011-06-25 08:21:15",816.75,71.323,-156.648
"S802","m","2011-06-21 12:55:30",491.833,71.3304,-156.643
"S802","m","2011-06-22 05:40:00",433.667,71.3304,-156.643
"S802","m","2011-06-22 20:21:20",502.667,71.3304,-156.643
"S802","m","2011-06-23 15:40:00",658.667,71.3304,-156.643
"S802","m","2011-06-24 13:08:00",650.917,71.3304,-156.643
"S802","m","2011-06-25 10:48:25",449.833,71.3304,-156.643
"S802","m","2011-06-26 04:50:55",648.667,71.3304,-156.643
"S802","m","2011-06-27 05:44:15",776,71.3304,-156.643
"S802","m","2011-06-28 07:21:40",786.667,71.3304,-156.643
"S802","m","2011-06-29 10:13:45",748.25,71.3304,-156.643
"S802","f","2011-06-21 06:28:00",387.5,71.3304,-156.643
"S802","f","2011-06-21 21:07:20",510.667,71.3304,-156.643
"S802","f","2011-06-22 12:53:40",447.667,71.3304,-156.643
"S802","f","2011-06-23 04:46:00",652,71.3304,-156.643
"S802","f","2011-06-24 02:38:40",627.333,71.3304,-156.643
"S802","f","2011-06-25 00:00:00",648.417,71.3304,-156.643
"S802","f","2011-06-25 18:18:15",632.667,71.3304,-156.643
"S802","f","2011-06-26 15:39:35",844.417,71.3304,-156.643
"S802","f","2011-06-27 18:40:15",761.417,71.3304,-156.643
"S802","f","2011-06-28 20:28:20",825.417,71.3304,-156.643
